structural_pattern,num_simulations,simulation_ids
A→A→B→B→C→C→D→D→E→E→F→F→G→G→A→A→B→B→C→C→D,23,"35,106,119,146,214,336,363,470,495,508,561,607,617,634,650,680,687,754,769,824,946,964,990"
A→A→B→B→C→C→D→D→E→E→F→F→G→G→H→H→A→A→B→B→C,11,"7,71,183,258,321,346,505,728,966,981,982"
A→A→B→B→C→C→D→D→E→E→F→F→G→G→H→H→B→B→C→C→D,9,"97,549,592,844,846,855,864,909,957"
A→A→B→B→C→C→D→D→E→E→F→F→A→A→B→B→C→C→D→D→E,8,"42,190,435,449,480,645,809,972"
A→A→B→B→C→C→D→D→E→E→F→F→G→G→B→B→A→A→C→C→D,8,"166,185,186,194,195,267,465,986"
A→A→B→B→C→C→D→D→E→E→F→F→G→G→H→H→A→A→C→C→B,7,"57,243,394,566,817,859,874"
A→A→B→B→C→C→D→D→E→E→F→F→A→A→G→G→B→B→C→C→D,6,"16,59,246,326,554,880"
A→A→B→B→C→C→D→D→E→E→F→F→G→G→A→A→H→H→B→B→C,6,"78,268,322,575,829,889"
A→A→B→B→C→C→D→D→E→E→F→F→G→G→H→H→B→B→A→A→D,6,"169,187,320,744,806,897"
A→A→B→B→C→C→D→D→E→E→F→F→G→G→A→A→B→B→D→D→C,6,"173,310,474,591,771,971"
A→A→B→B→C→C→D→D→E→E→F→F→G→G→A→A→B→B→E→E→D,5,"29,81,512,755,856"
A→A→B→B→C→C→D→D→E→E→F→F→A→A→B→B→D→D→C→C→E,5,"100,223,254,570,571"
A→A→B→B→C→C→D→D→E→E→F→F→G→G→H→H→C→C→B→B→A,5,"259,315,531,702,908"
A→A→B→B→C→C→D→D→E→E→F→F→G→G→H→H→A→A→C→C→D,5,"364,637,705,772,967"
A→A→B→B→C→C→D→D→E→E→F→F→G→G→B→B→C→C→A→A→D,5,"446,812,865,892,903"
A→A→B→B→C→C→D→D→E→E→F→F→G→G→A→A→H→H→B→B→D,4,"6,492,682,777"
A→A→B→B→C→C→D→D→E→E→F→F→A→A→B→B→C→C→G→G→H,4,"13,632,720,759"
A→A→B→B→C→C→D→D→E→E→F→F→A→A→G→G→B→B→H→H→C,4,"18,306,340,656"
A→A→B→B→C→C→D→D→E→E→F→F→G→G→A→A→D→D→C→C→B,4,"21,514,848,932"
A→A→B→B→C→C→D→D→E→E→F→F→G→G→H→H→C→C→D→D→E,4,"22,416,475,948"
A→A→B→B→C→C→D→D→E→E→F→F→G→G→H→H→B→B→D→D→A,4,"46,247,674,703"
A→A→B→B→C→C→D→D→E→E→F→F→G→G→C→C→B→B→A→A→D,4,"54,235,431,884"
A→A→B→B→C→C→D→D→E→E→F→F→G→G→H→H→C→C→A→A→B,4,"73,244,377,600"
A→A→B→B→C→C→D→D→E→E→F→F→G→G→A→A→B→B→C→C→H,4,"125,665,736,934"
A→A→B→B→C→C→D→D→E→E→F→F→G→G→H→H→A→A→B→B→D,4,"135,278,389,751"
A→A→B→B→C→C→D→D→E→E→F→F→G→G→B→B→A→A→D→D→C,4,"143,371,471,795"
A→A→B→B→C→C→D→D→E→E→F→F→G→G→A→A→D→D→B→B→C,4,"168,204,522,796"
A→A→B→B→C→C→D→D→E→E→F→F→A→A→G→G→C→C→D→D→E,4,"174,615,721,947"
A→A→B→B→C→C→D→D→E→E→F→F→G→G→B→B→C→C→D→D→A,4,"182,589,657,916"
A→A→B→B→C→C→D→D→E→E→F→F→G→G→A→A→B→B→H→H→D,4,"202,426,463,493"
A→A→B→B→C→C→D→D→E→E→F→F→G→G→A→A→B→B→H→H→C,4,"307,406,788,938"
A→A→B→B→C→C→D→D→E→E→F→F→A→A→G→G→H→H→D→D→E,4,"353,659,805,940"
A→A→B→B→C→C→D→D→E→E→F→F→G→G→H→H→A→A→D→D→C,4,"483,510,516,724"
A→A→B→B→C→C→D→D→E→E→F→F→A→A→G→G→H→H→C→C→B,4,"496,791,833,963"
A→A→B→B→C→C→D→D→E→E→F→F→G→G→B→B→H→H→A→A→D,3,"15,217,528"
A→A→B→B→C→C→D→D→E→E→F→F→A→A→B→B→C→C→D→D→G,3,"55,294,787"
A→A→B→B→C→C→D→D→E→E→A→A→B→B→C→C→F→F→G→G→A,3,"67,138,279"
A→A→B→B→C→C→D→D→E→E→A→A→F→F→G→G→B→B→D→D→A,3,"88,282,866"
A→A→B→B→C→C→D→D→A→A→E→E→F→F→G→G→B→B→A→A→C,3,"90,521,840"
A→A→B→B→C→C→D→D→E→E→A→A→F→F→C→C→D→D→A→A→E,3,"91,160,276"
A→A→B→B→C→C→D→D→E→E→F→F→G→G→H→H→B→B→D→D→E,3,"109,129,414"
A→A→B→B→C→C→D→D→E→E→A→A→F→F→C→C→B→B→D→D→A,3,"116,392,823"
A→A→B→B→C→C→D→D→E→E→F→F→G→G→A→A→C→C→B→B→D,3,"131,649,832"
A→A→B→B→C→C→D→D→E→E→F→F→A→A→B→B→C→C→G→G→D,3,"147,203,558"
A→A→B→B→C→C→D→D→E→E→F→F→G→G→B→B→C→C→H→H→A,3,"164,411,803"
A→A→B→B→C→C→D→D→E→E→F→F→G→G→B→B→H→H→A→A→C,3,"188,614,672"
A→A→B→B→C→C→D→D→E→E→A→A→F→F→B→B→C→C→D→D→E,3,"193,245,434"
A→A→B→B→C→C→D→D→E→E→F→F→A→A→G→G→B→B→D→D→E,3,"215,345,365"
A→A→B→B→C→C→D→D→E→E→F→F→A→A→D→D→C→C→B→B→E,3,"232,333,956"
A→A→B→B→C→C→D→D→E→E→F→F→G→G→H→H→B→B→A→A→C,3,"236,303,372"
A→A→B→B→C→C→D→D→E→E→F→F→G→G→H→H→C→C→D→D→A,3,"241,622,954"
A→A→B→B→C→C→D→D→E→E→F→F→G→G→A→A→B→B→C→C→E,3,"252,266,472"
A→A→B→B→C→C→D→D→E→E→A→A→F→F→B→B→G→G→C→C→A,3,"269,654,743"
A→A→B→B→C→C→D→D→E→E→F→F→G→G→H→H→C→C→D→D,3,"290,701,792"
A→A→B→B→C→C→D→D→E→E→F→F→A→A→G→G→B→B→C→C→A,3,"295,335,877"
A→A→B→B→C→C→D→D→E→E→B→B→F→F→G→G→A→A→D→D→B,3,"301,775,827"
A→A→B→B→C→C→D→D→E→E→F→F→G→G→H→H→B→B→C→C,3,"309,358,725"
A→A→B→B→C→C→D→D→A→A→E→E→F→F→B→B→C→C→D→D→A,3,"314,339,950"
A→A→B→B→C→C→D→D→A→A→E→E→F→F→G→G→B→B→C→C→A,3,"400,695,752"
A→A→B→B→C→C→D→D→E→E→F→F→G→G→H→H→B→B→D→D→C,3,"464,540,886"
A→A→B→B→C→C→D→D→E→E→A→A→B→B→F→F→G→G→C→C→D,3,"722,726,783"
A→A→B→B→C→C→D→D→E→E→F→F→A→A→G→G→H→H→B→B→C,3,"756,847,911"
A→A→B→B→C→C→D→D→E→E→F→F→A→A→G→G→B→B→C→C→E,2,"8,573"
A→A→B→B→C→C→D→D→E→E→F→F→B→B→A→A→C→C→D→D→G,2,"11,585"
A→A→B→B→C→C→D→D→E→E→F→F→G→G→B→B→D→D→C→C→E,2,"12,20"
A→A→B→B→C→C→D→D→E→E→F→F→G→G→B→B→D→D→C→C→A,2,"14,987"
A→A→B→B→C→C→D→D→E→E→F→F→A→A→G→G→H→H→C→C→D,2,"24,993"
A→A→B→B→C→C→D→D→E→E→F→F→C→C→B→B→D→D→A→A→C,2,"25,175"
A→A→B→B→C→C→D→D→E→E→A→A→F→F→G→G→D→D→B→B→A,2,"28,48"
A→A→B→B→C→C→D→D→E→E→A→A→B→B→F→F→G→G→H→H→C,2,"30,507"
A→A→B→B→C→C→D→D→E→E→A→A→B→B→D→D→C→C→F→F→A,2,"33,713"
A→A→B→B→C→C→D→D→E→E→F→F→G→G→A→A→H→H→B→B→F,2,"37,140"
A→A→B→B→C→C→D→D→E→E→F→F→A→A→B→B→G→G→H→H→C,2,"41,802"
A→A→B→B→C→C→D→D→E→E→F→F→G→G→C→C→B→B→D→D→E,2,"52,132"
A→A→B→B→C→C→D→D→A→A→B→B→E→E→C→C→A→A→B→B→F,2,"53,547"
A→A→B→B→C→C→D→D→A→A→E→E→F→F→D→D→C→C→A→A→B,2,"56,233"
A→A→B→B→C→C→D→D→E→E→F→F→A→A→C→C→B→B→D→D→G,2,"61,861"
A→A→B→B→C→C→D→D→E→E→F→F→C→C→B→B→A→A→D→D→C,2,"72,577"
A→A→B→B→C→C→D→D→A→A→E→E→F→F→G→G→A→A→B→B→C,2,"74,503"
A→A→B→B→C→C→D→D→E→E→F→F→G→G→H→H→A→A→D→D→E,2,"76,557"
A→A→B→B→C→C→D→D→E→E→A→A→F→F→C→C→B→B→G→G,2,"80,596"
A→A→B→B→C→C→D→D→E→E→A→A→F→F→G→G→H→H→C→C→B,2,"82,852"
A→A→B→B→C→C→D→D→A→A→E→E→F→F→G→G→C→C→B→B→A,2,"85,331"
A→A→B→B→C→C→D→D→E→E→F→F→B→B→A→A→G→G→C→C→D,2,"92,961"
A→A→B→B→C→C→D→D→E→E→B→B→A→A→C→C→F→F→B→B→A,2,"108,459"
A→A→B→B→C→C→D→D→E→E→F→F→B→B→C→C→A→A→G→G→H,2,"120,308"
A→A→B→B→C→C→D→D→E→E→F→F→B→B→G→G→C→C→D→D→E,2,"126,912"
A→A→B→B→C→C→D→D→A→A→E→E→F→F→B→B→G→G→D→D→A,2,"134,479"
A→A→B→B→C→C→D→D→E→E→A→A→F→F→G→G→H→H→B→B→C,2,"155,360"
A→A→B→B→C→C→D→D→E→E→A→A→F→F→G→G→C→C→B→B→H,2,"177,958"
A→A→B→B→C→C→D→D→E→E→F→F→A→A→B→B→G→G→H→H→E,2,"180,342"
A→A→B→B→C→C→D→D→E→E→F→F→G→G→A→A→H→H→C→C→B,2,"189,281"
A→A→B→B→C→C→D→D→A→A→E→E→F→F→G→G→H→H→C→C→B,2,"196,717"
A→A→B→B→C→C→D→D→E→E→B→B→A→A→F→F→G→G→H→H→B,2,"201,684"
A→A→B→B→C→C→D→D→E→E→F→F→G→G→H→H→E→E→D→D→C,2,"211,323"
A→A→B→B→C→C→D→D→E→E→F→F→G→G→A→A→H→H→B→B→E,2,"212,349"
A→A→B→B→C→C→D→D→E→E→F→F→G→G→H→H→A→A→C→C→E,2,"213,723"
A→A→B→B→C→C→D→D→E→E→F→F→G→G→A→A→C→C→D→D→B,2,"218,324"
A→A→B→B→C→C→D→D→E→E→A→A→F→F→B→B→D→D→A→A→C,2,"219,356"
A→A→B→B→C→C→D→D→E→E→A→A→B→B→C→C→D→D→E→E→A,2,"220,583"
A→A→B→B→C→C→D→D→E→E→F→F→A→A→G→G→C→C→B→B→D,2,"224,270"
A→A→B→B→C→C→D→D→E→E→F→F→G→G→C→C→B→B→F→F→E,2,"226,504"
A→A→B→B→C→C→D→D→A→A→E→E→F→F→G→G→C→C→A→A→D,2,"228,265"
A→A→B→B→C→C→D→D→E→E→F→F→G→G→H→H→A→A→D→D→B,2,"234,410"
A→A→B→B→C→C→D→D→E→E→A→A→F→F→B→B→G→G→C→C→D,2,"237,807"
A→A→B→B→C→C→D→D→A→A→E→E→F→F→C→C→B→B→A→A→G,2,"238,382"
A→A→B→B→C→C→D→D→E→E→F→F→G→G→B→B→A→A→C→C→H,2,"240,618"
A→A→B→B→C→C→D→D→E→E→A→A→B→B→F→F→G→G→A→A→B,2,"248,325"
A→A→B→B→C→C→D→D→E→E→F→F→G→G→C→C→B→B→D→D→A,2,"250,707"
A→A→B→B→C→C→D→D→E→E→F→F→B→B→C→C→D→D→E→E→A,2,"253,933"
A→A→B→B→C→C→D→D→E→E→A→A→F→F→G→G→H→H→B→B→A,2,"256,537"
A→A→B→B→C→C→D→D→E→E→F→F→B→B→G→G→H→H→A→A→C,2,"260,569"
A→A→B→B→C→C→D→D→E→E→F→F→B→B→C→C→G→G→A→A,2,"262,965"
A→A→B→B→C→C→D→D→E→E→F→F→B→B→C→C→A→A→D→D→G,2,"263,761"
A→A→B→B→C→C→D→D→E→E→A→A→B→B→D→D→F→F→G→G→A,2,"264,819"
A→A→B→B→C→C→D→D→E→E→F→F→G→G→B→B→C→C→D→D→E,2,"272,926"
A→A→B→B→C→C→D→D→E→E→F→F→G→G→H→H→B→B→C→C→A,2,"274,693"
A→A→B→B→C→C→D→D→E→E→A→A→F→F→C→C→D→D→B→B→A,2,"286,425"
A→A→B→B→C→C→D→D→E→E→F→F→G→G→H→H→D→D→C→C→B,2,"288,980"
A→A→B→B→C→C→D→D→E→E→F→F→A→A→B→B→G→G→A→A→B,2,"292,691"
A→A→B→B→C→C→D→D→E→E→A→A→F→F→G→G→B→B→D→D→C,2,"293,438"
A→A→B→B→C→C→D→D→E→E→F→F→G→G→D→D→C→C→B→B→A,2,"304,641"
A→A→B→B→C→C→D→D→E→E→F→F→A→A→C→C→D→D→B→B→G,2,"311,679"
A→A→B→B→C→C→D→D→E→E→A→A→F→F→D→D→C→C→B→B→G,2,"312,891"
A→A→B→B→C→C→D→D→E→E→A→A→B→B→C→C→D→D→F→F→A,2,"319,484"
A→A→B→B→C→C→D→D→E→E→F→F→G→G→D→D→E→E→B→B→C,2,"330,367"
A→A→B→B→C→C→D→D→E→E→F→F→G→G→A→A→C→C→B→B→F,2,"334,519"
A→A→B→B→C→C→D→D→E→E→A→A→B→B→D→D→C→C→E→E→A,2,"337,544"
A→A→B→B→C→C→D→D→E→E→F→F→G→G→B→B→A→A→H→H→E,2,"343,697"
A→A→B→B→C→C→D→D→E→E→F→F→C→C→G→G→A→A→B→B→C,2,"350,543"
A→A→B→B→C→C→D→D→E→E→F→F→B→B→A→A→C→C→B→B,2,"355,419"
A→A→B→B→C→C→D→D→E→E→B→B→C→C→F→F→D→D→E→E→B,2,"357,927"
A→A→B→B→C→C→D→D→E→E→B→B→F→F→G→G→H→H→C→C→D,2,"359,436"
A→A→B→B→C→C→D→D→E→E→A→A→F→F→B→B→C→C→E→E→A,2,"362,415"
A→A→B→B→C→C→D→D→E→E→F→F→G→G→H→H→B→B→E→E→D,2,"387,762"
A→A→B→B→C→C→D→D→E→E→F→F→G→G→B→B→C→C→A→A→H,2,"388,767"
A→A→B→B→C→C→D→D→E→E→A→A→B→B→C→C→F→F→A→A→B,2,"395,677"
A→A→B→B→C→C→D→D→E→E→F→F→G→G→H→H→B→B→A→A→E,2,"404,709"
A→A→B→B→C→C→D→D→E→E→F→F→B→B→G→G→H→H→C→C→A,2,"421,534"
A→A→B→B→C→C→D→D→E→E→F→F→G→G→A→A→H→H→D→D→B,2,"424,595"
A→A→B→B→C→C→D→D→E→E→F→F→B→B→C→C→A→A→G→G→D,2,"432,576"
A→A→B→B→C→C→D→D→E→E→F→F→G→G→A→A→H→H→D→D,2,"439,621"
A→A→B→B→C→C→D→D→E→E→A→A→F→F→G→G→D→D→C→C→B,2,"441,461"
A→A→B→B→C→C→D→D→E→E→F→F→B→B→A→A→G→G→C→C→B,2,"445,851"
A→A→B→B→C→C→D→D→E→E→A→A→F→F→G→G→D→D→E→E→A,2,"448,587"
A→A→B→B→C→C→D→D→E→E→A→A→F→F→D→D→C→C→A→A→E,2,"454,790"
A→A→B→B→C→C→D→D→A→A→E→E→F→F→G→G→B→B→H→H→A,2,"467,710"
A→A→B→B→C→C→D→D→E→E→F→F→A→A→B→B→G→G→C→C→A,2,"473,535"
A→A→B→B→C→C→D→D→E→E→F→F→B→B→G→G→C→C→A→A→F,2,"477,564"
A→A→B→B→C→C→D→D→E→E→F→F→G→G→C→C→D→D→E→E→F,2,"490,624"
A→A→B→B→C→C→D→D→E→E→F→F→G→G→D→D→B→B→C→C→A,2,"498,928"
A→A→B→B→C→C→D→D→E→E→F→F→G→G→A→A→B→B→E→E,2,"500,878"
A→A→B→B→C→C→D→D→A→A→E→E→F→F→C→C→A→A→B→B→D,2,"501,776"
A→A→B→B→C→C→D→D→E→E→F→F→G→G→D→D→A→A→B→B→C,2,"502,664"
A→A→B→B→C→C→D→D→E→E→F→F→B→B→C→C→A→A→D→D→B,2,"520,635"
A→A→B→B→C→C→D→D→E→E→F→F→G→G→H→H→A→A→B→B→E,2,"526,939"
A→A→B→B→C→C→D→D→E→E→F→F→A→A→G→G→B→B→C→C→H,2,"536,998"
A→A→B→B→C→C→D→D→E→E→F→F→G→G→B→B→C→C→A→A→E,2,"545,719"
A→A→B→B→C→C→D→D→E→E→F→F→B→B→G→G→C→C→A→A→B,2,"548,918"
A→A→B→B→C→C→D→D→E→E→F→F→G→G→A→A→D→D→E→E→C,2,"551,842"
A→A→B→B→C→C→D→D→E→E→A→A→F→F→G→G→B→B→C→C→A,2,"560,955"
A→A→B→B→C→C→D→D→E→E→F→F→G→G→D→D→A→A→C→C→B,2,"568,627"
A→A→B→B→C→C→D→D→E→E→A→A→F→F→G→G→C→C→E→E→A,2,"603,661"
A→A→B→B→C→C→D→D→E→E→F→F→A→A→B→B→G→G→C→C→H,2,"609,651"
A→A→B→B→C→C→D→D→E→E→F→F→G→G→B→B→D→D→A→A→C,2,"626,860"
A→A→B→B→C→C→D→D→E→E→A→A→F→F→B→B→C→C→D→D→A,2,"636,675"
A→A→B→B→C→C→D→D→E→E→B→B→A→A→F→F→G→G→C→C→D,2,"643,952"
A→A→B→B→C→C→D→D→E→E→F→F→A→A→B→B→C→C→G→G→A,2,"653,773"
A→A→B→B→C→C→D→D→E→E→F→F→B→B→C→C→D→D→E→E→B,2,"686,923"
A→A→B→B→C→C→D→D→E→E→F→F→G→G→A→A→C→C→E→E→D,2,"696,800"
A→A→B→B→C→C→D→D→E→E→F→F→A→A→G→G→H→H→D→D→C,2,"704,712"
A→A→B→B→C→C→A→A→D→D→E→E→F→F→B→B→C→C→A→A→G,2,"742,826"
A→A→B→B→C→C→D→D→E→E→F→F→G→G→A→A→C→C→D→D→E,2,"749,875"
A→A→B→B→C→C→D→D→E→E→F→F→G→G→A→A→D→D→H→H→B,2,"768,816"
A→A→B→B→C→C→D→D→E→E→F→F→G→G→C→C→D→D→A→A→B,2,"778,821"
A→A→B→B→C→C→D→D→E→E→F→F→A→A→C→C→B→B→D→D→E,2,"793,879"
A→A→B→B→C→C→D→D→E→E→F→F→A→A→B→B→C→C→E→E→G,2,"835,901"
A→A→B→B→C→C→D→D→E→E→F→F→G→G→B→B→C→C→H→H→F,2,"843,873"
A→A→B→B→C→C→D→D→E→E→F→F→G→G→C→C→A→A→B→B→E,2,"868,883"
A→A→B→B→C→C→D→D→E→E→F→F→A→A→G→G→H→H→D→D→B,2,"888,917"
A→A→B→B→C→C→D→D→E→E→B→B→A→A→F→F→C→C→G→G→B,2,"944,985"
A→A→B→B→C→C→D→D→E→E→B→B→C→C→F→F→G→G→A→A→D,1,0
A→A→B→B→C→C→D→D→E→E→F→F→A→A→B→B→G→G→E→E→D,1,1
A→A→B→B→C→C→D→D→E→E→B→B→A→A→C→C→B→B→F→F→D,1,2
A→A→B→B→C→C→D→D→E→E→A→A→C→C→B→B→E→E→A→A→C,1,3
A→A→B→B→C→C→D→D→A→A→E→E→B→B→F→F→G→G→C→C→A,1,4
A→A→B→B→C→C→D→D→E→E→A→A→B→B→D→D→F→F→G→G→H,1,5
A→A→B→B→C→C→D→D→E→E→F→F→G→G→A→A→C→C→B→B,1,9
A→A→B→B→C→C→D→D→E→E→F→F→G→G→D→D→C→C→B→B,1,10
A→A→B→B→C→C→D→D→A→A→E→E→F→F→G→G→C→C→A→A→B,1,17
A→A→B→B→C→C→D→D→E→E→A→A→F→F→G→G→C→C→A→A→B,1,19
A→A→B→B→C→C→D→D→E→E→A→A→B→B→C→C→E→E→F→F→G,1,23
A→A→B→B→C→C→D→D→E→E→A→A→F→F→D→D→C→C→A→A→B,1,26
A→A→B→B→C→C→D→D→E→E→F→F→G→G→A→A→C→C→B→B→H,1,27
A→A→B→B→C→C→D→D→E→E→A→A→F→F→G→G→C→C→B→B,1,31
A→A→B→B→C→C→D→D→E→E→F→F→A→A→B→B→D→D→E→E→C,1,32
A→A→B→B→C→C→D→D→E→E→F→F→A→A→C→C→B→B→G→G→A,1,34
A→A→B→B→C→C→D→D→E→E→A→A→B→B→D→D→E→E→A→A→F,1,36
A→A→B→B→C→C→D→D→B→B→E→E→F→F→A→A→G→G→C→C→B,1,38
A→A→B→B→C→C→D→D→A→A→E→E→F→F→G→G→B→B→D→D,1,39
A→A→B→B→C→C→D→D→E→E→F→F→G→G→A→A→H→H→B→B,1,40
A→A→B→B→C→C→D→D→E→E→F→F→A→A→D→D→G→G→B→B→C,1,43
A→A→B→B→C→C→D→D→A→A→E→E→F→F→B→B→G→G→C→C→D,1,44
A→A→B→B→C→C→D→D→E→E→F→F→C→C→B→B→G→G→D→D→H,1,45
A→A→B→B→C→C→D→D→E→E→F→F→C→C→G→G→H→H→B→B→C,1,47
A→A→B→B→C→C→D→D→E→E→F→F→G→G→D→D→E→E→H→H→C,1,49
A→A→B→B→C→C→D→D→E→E→F→F→A→A→C→C→D→D→E→E→G,1,50
A→A→B→B→C→C→D→D→E→E→F→F→G→G→A→A→B→B→E→E→C,1,51
A→A→B→B→C→C→D→D→E→E→F→F→C→C→D→D→A→A→B→B→C,1,58
A→A→B→B→C→C→D→D→E→E→F→F→C→C→B→B→D→D→C→C→E,1,60
A→A→B→B→C→C→D→D→E→E→A→A→B→B→F→F→G→G→C→C→A,1,62
A→A→B→B→C→C→D→D→E→E→A→A→F→F→G→G→E→E→D→D→A,1,63
A→A→B→B→C→C→D→D→A→A→E→E→F→F→C→C→A→A→D→D→E,1,64
A→A→B→B→C→C→D→D→A→A→B→B→E→E→F→F→A→A→B→B→C,1,65
A→A→B→B→C→C→D→D→E→E→F→F→G→G→A→A→B→B→D→D→F,1,66
A→A→B→B→C→C→D→D→E→E→F→F→G→G→B→B→E→E→C→C→H,1,68
A→A→B→B→C→C→D→D→E→E→C→C→F→F→B→B→A→A→G→G,1,69
A→A→B→B→C→C→D→D→E→E→A→A→F→F→G→G→C→C→H→H→B,1,70
A→A→B→B→C→C→D→D→E→E→F→F→C→C→D→D→E→E→F→F→C,1,75
A→A→B→B→C→C→D→D→E→E→F→F→G→G→H→H→D→D→B→B→G,1,77
A→A→B→B→C→C→D→D→E→E→F→F→C→C→E→E→F→F→G→G,1,79
A→A→B→B→C→C→D→D→E→E→F→F→G→G→C→C→A→A→B→B→D,1,83
A→A→B→B→C→C→D→D→E→E→F→F→G→G→B→B→H→H→D→D→E,1,84
A→A→B→B→C→C→D→D→E→E→F→F→B→B→A→A→C→C→G→G,1,86
A→A→B→B→C→C→D→D→E→E→F→F→D→D→C→C→B→B→G→G→A,1,87
A→A→B→B→C→C→D→D→E→E→F→F→G→G→H→H→C→C→D→D→B,1,89
A→A→B→B→C→C→D→D→A→A→E→E→B→B→D→D→F→F→E→E→G,1,93
A→A→B→B→C→C→D→D→E→E→F→F→A→A→C→C→D→D→E→E→F,1,94
A→A→B→B→C→C→D→D→E→E→B→B→F→F→A→A→E→E→D→D→B,1,95
A→A→B→B→C→C→D→D→E→E→F→F→G→G→H→H→D→D→C→C→E,1,96
A→A→B→B→C→C→D→D→E→E→B→B→A→A→F→F→C→C→B→B→E,1,98
A→A→B→B→C→C→A→A→D→D→E→E→F→F→B→B→G→G→A→A→C,1,99
A→A→B→B→C→C→D→D→E→E→F→F→A→A→B→B→G→G→H→H,1,101
A→A→B→B→C→C→D→D→E→E→B→B→A→A→C→C→F→F→D→D→E,1,102
A→A→B→B→C→C→D→D→E→E→A→A→B→B→C→C→F→F→A→A→E,1,103
A→A→B→B→C→C→D→D→A→A→E→E→F→F→G→G→D→D→A→A→B,1,104
A→A→B→B→C→C→D→D→A→A→E→E→B→B→F→F→E→E→A→A→B,1,105
A→A→B→B→C→C→D→D→E→E→F→F→G→G→C→C→E→E→F→F→D,1,107
A→A→B→B→C→C→D→D→E→E→A→A→F→F→G→G→C→C→H→H→D,1,110
A→A→B→B→C→C→D→D→E→E→F→F→G→G→B→B→A→A→H→H→C,1,111
A→A→B→B→C→C→D→D→E→E→A→A→B→B→F→F→G→G→C→C→H,1,112
A→A→B→B→C→C→D→D→E→E→B→B→C→C→D→D→F→F→A→A→B,1,113
A→A→B→B→C→C→D→D→E→E→A→A→F→F→C→C→G→G→H→H→D,1,114
A→A→B→B→C→C→D→D→E→E→F→F→G→G→H→H→C→C→F→F→A,1,115
A→A→B→B→C→C→D→D→E→E→F→F→G→G→B→B→C→C→E→E,1,117
A→A→B→B→C→C→D→D→E→E→F→F→C→C→B→B→D→D→E→E→A,1,118
A→A→B→B→C→C→D→D→E→E→F→F→B→B→C→C→A→A→B→B→C,1,121
A→A→B→B→C→C→D→D→E→E→F→F→G→G→C→C→D→D→A→A→H,1,122
A→A→B→B→C→C→D→D→A→A→B→B→E→E→C→C→B→B→A→A,1,123
A→A→B→B→C→C→D→D→E→E→F→F→B→B→C→C→G→G→A→A→H,1,124
A→A→B→B→C→C→D→D→E→E→F→F→B→B→A→A→G→G→H→H→C,1,127
A→A→B→B→C→C→D→D→E→E→F→F→G→G→D→D→H→H→C→C→E,1,128
A→A→B→B→C→C→D→D→E→E→F→F→A→A→D→D→G→G→C→C→B,1,130
A→A→B→B→C→C→D→D→E→E→F→F→G→G→B→B→H→H→C→C→E,1,133
A→A→B→B→C→C→D→D→E→E→F→F→A→A→G→G→H→H→E→E→C,1,136
A→A→B→B→C→C→D→D→E→E→A→A→B→B→C→C→D→D→B→B→A,1,137
A→A→B→B→C→C→D→D→E→E→F→F→B→B→C→C→G→G→H→H→A,1,139
A→A→B→B→C→C→D→D→E→E→F→F→A→A→B→B→C→C→D→D,1,141
A→A→B→B→C→C→D→D→E→E→F→F→A→A→B→B→E→E→G→G→H,1,142
A→A→B→B→C→C→D→D→E→E→F→F→A→A→B→B→D→D→G→G→C,1,144
A→A→B→B→C→C→D→D→E→E→F→F→G→G→H→H→C→C→E→E→D,1,145
A→A→B→B→C→C→D→D→E→E→B→B→F→F→C→C→A→A→E→E→B,1,148
A→A→B→B→C→C→D→D→E→E→F→F→B→B→G→G→C→C→D→D→H,1,149
A→A→B→B→C→C→D→D→E→E→A→A→C→C→D→D→B→B→A→A→C,1,150
A→A→B→B→C→C→D→D→A→A→B→B→E→E→F→F→G→G→D→D→A,1,151
A→A→B→B→C→C→D→D→E→E→F→F→B→B→G→G→A→A→H→H→D,1,152
A→A→B→B→C→C→D→D→E→E→F→F→B→B→G→G→A→A→D→D→C,1,153
A→A→B→B→C→C→D→D→E→E→F→F→B→B→C→C→D→D→A→A→E,1,154
A→A→B→B→C→C→D→D→E→E→C→C→B→B→A→A→D→D→E→E→C,1,156
A→A→B→B→C→C→D→D→E→E→F→F→G→G→B→B→A→A→C→C→F,1,157
A→A→B→B→C→C→D→D→E→E→B→B→F→F→A→A→E→E→D→D,1,158
A→A→B→B→C→C→D→D→E→E→A→A→F→F→D→D→E→E→A→A→F,1,159
A→A→B→B→C→C→D→D→A→A→E→E→C→C→B→B→D→D→A→A→C,1,161
A→A→B→B→C→C→D→D→E→E→A→A→F→F→C→C→B→B→E→E→A,1,162
A→A→B→B→C→C→D→D→A→A→E→E→F→F→G→G→H→H→B→B→C,1,163
A→A→B→B→C→C→D→D→E→E→A→A→B→B→F→F→G→G→A→A→C,1,165
A→A→B→B→C→C→A→A→D→D→E→E→F→F→G→G→C→C→A→A→B,1,167
A→A→B→B→C→C→D→D→A→A→E→E→F→F→G→G→H→H→A→A→C,1,170
A→A→B→B→C→C→D→D→E→E→F→F→B→B→G→G→A→A→H→H→C,1,171
A→A→B→B→C→C→D→D→E→E→A→A→F→F→G→G→E→E→A→A→F,1,172
A→A→B→B→C→C→D→D→A→A→E→E→F→F→C→C→B→B→D→D→A,1,176
A→A→B→B→C→C→D→D→E→E→B→B→A→A→F→F→G→G→D→D→A,1,178
A→A→B→B→C→C→A→A→D→D→E→E→C→C→A→A→B→B→D→D→E,1,179
A→A→B→B→C→C→D→D→E→E→F→F→A→A→G→G→C→C→B→B→E,1,181
A→A→B→B→C→C→D→D→E→E→F→F→G→G→C→C→D→D→B→B→C,1,184
A→A→B→B→C→C→D→D→E→E→F→F→G→G→C→C→D→D→H→H→A,1,191
A→A→B→B→C→C→D→D→E→E→F→F→C→C→G→G→D→D→B→B→A,1,192
A→A→B→B→C→C→A→A→B→B→D→D→E→E→C→C→A→A→B→B→F,1,197
A→A→B→B→C→C→D→D→A→A→E→E→F→F→G→G→C→C→B→B→H,1,198
A→A→B→B→C→C→D→D→E→E→A→A→B→B→F→F→G→G→C→C,1,199
A→A→B→B→C→C→D→D→E→E→A→A→B→B→F→F→G→G→H→H,1,200
A→A→B→B→C→C→D→D→E→E→F→F→G→G→C→C→H→H→D→D→B,1,205
A→A→B→B→C→C→D→D→E→E→F→F→G→G→H→H→E→E→D→D→F,1,206
A→A→B→B→C→C→D→D→E→E→F→F→B→B→A→A→G→G→D→D→C,1,207
A→A→B→B→C→C→D→D→B→B→C→C→D→D→E→E→F→F→G→G,1,208
A→A→B→B→C→C→D→D→E→E→B→B→F→F→A→A→C→C→B→B,1,209
A→A→B→B→C→C→D→D→E→E→F→F→C→C→G→G→A→A→B→B→D,1,210
A→A→B→B→C→C→D→D→E→E→F→F→C→C→B→B→E→E→D→D→C,1,216
A→A→B→B→C→C→D→D→E→E→F→F→G→G→C→C→B→B→A→A→E,1,221
A→A→B→B→C→C→D→D→E→E→F→F→G→G→H→H→E→E→D→D,1,222
A→A→B→B→C→C→D→D→E→E→F→F→G→G→H→H→E→E→F→F→D,1,225
A→A→B→B→C→C→D→D→E→E→F→F→A→A→D→D→C→C→G→G→B,1,227
A→A→B→B→C→C→D→D→E→E→F→F→G→G→B→B→A→A→D→D→E,1,229
A→A→B→B→C→C→D→D→E→E→C→C→D→D→B→B→F→F→C→C→D,1,230
A→A→B→B→C→C→D→D→E→E→F→F→G→G→B→B→C→C→A→A,1,231
A→A→B→B→C→C→D→D→E→E→F→F→G→G→B→B→C→C→H→H→E,1,239
A→A→B→B→C→C→D→D→A→A→E→E→F→F→C→C→D→D→G→G→H,1,242
A→A→B→B→C→C→D→D→A→A→B→B→E→E→F→F→G→G→D→D,1,249
A→A→B→B→C→C→D→D→E→E→F→F→C→C→B→B→E→E→A→A→F,1,251
A→A→B→B→C→C→D→D→E→E→A→A→F→F→B→B→E→E→C→C→A,1,255
A→A→B→B→C→C→D→D→A→A→E→E→F→F→D→D→A→A→C→C→B,1,257
A→A→B→B→C→C→D→D→A→A→E→E→F→F→G→G→H→H→E→E→A,1,261
A→A→B→B→C→C→D→D→E→E→A→A→F→F→B→B→D→D→C→C,1,271
A→A→B→B→C→C→D→D→E→E→A→A→B→B→C→C→F→F→G→G→E,1,273
A→A→B→B→C→C→D→D→E→E→C→C→B→B→F→F→E→E→D→D→C,1,275
A→A→B→B→C→C→D→D→E→E→F→F→B→B→G→G→D→D→C→C→H,1,277
A→A→B→B→C→C→D→D→E→E→F→F→G→G→C→C→A→A→B→B→C,1,280
A→A→B→B→C→C→D→D→E→E→B→B→A→A→F→F→G→G→D→D,1,283
A→A→B→B→C→C→D→D→E→E→F→F→A→A→C→C→G→G→B→B→D,1,284
A→A→B→B→C→C→D→D→E→E→A→A→F→F→C→C→G→G→H→H→B,1,285
A→A→B→B→C→C→D→D→A→A→E→E→F→F→B→B→A→A→E→E→F,1,287
A→A→B→B→C→C→D→D→E→E→F→F→G→G→H→H→A→A→D→D→F,1,289
A→A→B→B→C→C→D→D→E→E→F→F→A→A→B→B→C→C→D→D→A,1,291
A→A→B→B→C→C→D→D→E→E→F→F→G→G→A→A→H→H→E→E,1,296
A→A→B→B→C→C→D→D→E→E→F→F→G→G→A→A→B→B→H→H→G,1,297
A→A→B→B→C→C→D→D→E→E→F→F→B→B→A→A→D→D→C→C→B,1,298
A→A→B→B→C→C→D→D→E→E→A→A→F→F→B→B→C→C→G→G→E,1,299
A→A→B→B→C→C→D→D→E→E→F→F→D→D→E→E→C→C→B→B→G,1,300
A→A→B→B→C→C→D→D→E→E→F→F→G→G→H→H→A→A→F→F→B,1,302
A→A→B→B→C→C→D→D→A→A→E→E→F→F→C→C→G→G→E→E→F,1,305
A→A→B→B→C→C→D→D→E→E→B→B→F→F→G→G→A→A→H→H→F,1,313
A→A→B→B→C→C→D→D→E→E→F→F→A→A→B→B→G→G→D→D→E,1,316
A→A→B→B→C→C→A→A→D→D→E→E→F→F→G→G→H→H→C→C→A,1,317
A→A→B→B→C→C→D→D→E→E→A→A→F→F→B→B→G→G→E→E→D,1,318
A→A→B→B→C→C→D→D→E→E→B→B→F→F→G→G→D→D→E→E,1,327
A→A→B→B→C→C→D→D→A→A→E→E→F→F→G→G→H→H→D→D→C,1,328
A→A→B→B→C→C→D→D→E→E→F→F→A→A→C→C→B→B→E→E→G,1,329
A→A→B→B→C→C→D→D→E→E→F→F→G→G→C→C→D→D→A→A→E,1,332
A→A→B→B→C→C→D→D→E→E→F→F→G→G→C→C→E→E→D→D→A,1,338
A→A→B→B→C→C→D→D→E→E→F→F→G→G→A→A→H→H→C→C,1,341
A→A→B→B→C→C→D→D→A→A→E→E→F→F→B→B→C→C→A→A→D,1,344
A→A→B→B→C→C→D→D→E→E→F→F→A→A→G→G→E→E→C→C→A,1,347
A→A→B→B→C→C→D→D→A→A→E→E→F→F→D→D→A→A→E→E→B,1,348
A→A→B→B→C→C→D→D→A→A→E→E→F→F→C→C→A→A→D→D→G,1,351
A→A→B→B→C→C→D→D→E→E→A→A→F→F→C→C→B→B→A→A→E,1,352
A→A→B→B→C→C→D→D→E→E→F→F→G→G→C→C→A→A→E→E→D,1,354
A→A→B→B→C→C→D→D→E→E→B→B→C→C→F→F→G→G→A→A→B,1,361
A→A→B→B→C→C→D→D→E→E→F→F→B→B→D→D→C→C→A→A→E,1,366
A→A→B→B→C→C→D→D→E→E→A→A→B→B→F→F→G→G→H→H→D,1,368
A→A→B→B→C→C→D→D→E→E→F→F→A→A→C→C→D→D→E→E→B,1,369
A→A→B→B→C→C→D→D→E→E→A→A→F→F→G→G→C→C→B→B→A,1,370
A→A→B→B→C→C→D→D→E→E→F→F→A→A→G→G→D→D→H→H→F,1,373
A→A→B→B→C→C→D→D→E→E→F→F→B→B→A→A→D→D→E→E→F,1,374
A→A→B→B→C→C→D→D→E→E→A→A→B→B→F→F→C→C→A→A→E,1,375
A→A→B→B→C→C→D→D→E→E→B→B→F→F→A→A→G→G→H→H→C,1,376
A→A→B→B→C→C→D→D→E→E→F→F→A→A→B→B→E→E→F→F,1,378
A→A→B→B→C→C→D→D→E→E→F→F→D→D→E→E→B→B→C→C,1,379
A→A→B→B→C→C→D→D→E→E→B→B→C→C→F→F→A→A→D→D→B,1,380
A→A→B→B→C→C→D→D→E→E→F→F→B→B→C→C→D→D→A→A,1,381
A→A→B→B→C→C→D→D→A→A→E→E→F→F→A→A→B→B→D→D→C,1,383
A→A→B→B→C→C→A→A→D→D→E→E→F→F→A→A→B→B→D→D→A,1,384
A→A→B→B→C→C→D→D→E→E→F→F→G→G→B→B→C→C→A→A→B,1,385
A→A→B→B→C→C→A→A→D→D→B→B→E→E→C→C→F→F→A→A→C,1,386
A→A→B→B→C→C→D→D→E→E→A→A→F→F→G→G→D→D→H→H→B,1,390
A→A→B→B→C→C→D→D→E→E→A→A→F→F→G→G→H→H→D→D→B,1,391
A→A→B→B→C→C→D→D→E→E→C→C→F→F→B→B→A→A→G→G→H,1,393
A→A→B→B→C→C→D→D→A→A→E→E→B→B→D→D→F→F→C→C→A,1,396
A→A→B→B→C→C→D→D→E→E→F→F→C→C→A→A→B→B→G→G→H,1,397
A→A→B→B→C→C→D→D→E→E→F→F→G→G→C→C→D→D→A→A,1,398
A→A→B→B→C→C→D→D→E→E→F→F→G→G→A→A→B→B→C→C,1,399
A→A→B→B→C→C→D→D→E→E→B→B→F→F→G→G→H→H→A→A,1,401
A→A→B→B→C→C→A→A→D→D→E→E→F→F→C→C→A→A→B→B→C,1,402
A→A→B→B→C→C→D→D→E→E→A→A→B→B→F→F→G→G→C→C→B,1,403
A→A→B→B→C→C→D→D→A→A→E→E→F→F→G→G→H→H→D→D→A,1,405
A→A→B→B→C→C→D→D→E→E→F→F→G→G→H→H→C→C→B→B,1,407
A→A→B→B→C→C→D→D→E→E→B→B→C→C→D→D→F→F→G→G→H,1,408
A→A→B→B→C→C→D→D→E→E→F→F→G→G→C→C→D→D→H→H,1,409
A→A→B→B→C→C→D→D→E→E→F→F→G→G→H→H→B→B→A→A,1,412
A→A→B→B→C→C→D→D→A→A→E→E→F→F→G→G→H→H→B→B→D,1,413
A→A→B→B→C→C→D→D→E→E→A→A→B→B→D→D→E→E→F→F→A,1,417
A→A→B→B→C→C→D→D→E→E→F→F→G→G→H→H→A→A→C→C,1,418
A→A→B→B→C→C→D→D→E→E→F→F→B→B→D→D→C→C→E→E→A,1,420
A→A→B→B→C→C→D→D→E→E→F→F→A→A→C→C→D→D→G→G→H,1,422
A→A→B→B→C→C→D→D→E→E→F→F→G→G→E→E→C→C→D→D,1,423
A→A→B→B→C→C→D→D→E→E→B→B→F→F→A→A→D→D→C→C→B,1,427
A→A→B→B→C→C→D→D→E→E→F→F→B→B→G→G→C→C→D→D→A,1,428
A→A→B→B→C→C→D→D→E→E→B→B→A→A→F→F→G→G→H→H→E,1,429
A→A→B→B→C→C→D→D→E→E→F→F→B→B→A→A→D→D→C→C,1,430
A→A→B→B→C→C→D→D→A→A→E→E→C→C→D→D→A→A→B→B→C,1,433
A→A→B→B→C→C→D→D→E→E→B→B→C→C→A→A→D→D→F→F→G,1,437
A→A→B→B→C→C→D→D→B→B→E→E→A→A→F→F→G→G→C→C→B,1,440
A→A→B→B→C→C→D→D→E→E→A→A→B→B→F→F→C→C→G→G,1,442
A→A→B→B→C→C→D→D→E→E→F→F→G→G→D→D→B→B→E→E→A,1,443
A→A→B→B→C→C→A→A→B→B→D→D→E→E→F→F→C→C→A→A→B,1,444
A→A→B→B→C→C→D→D→A→A→E→E→F→F→G→G→B→B→C→C→D,1,447
A→A→B→B→C→C→A→A→D→D→B→B→E→E→A→A→B→B→C→C→A,1,450
A→A→B→B→C→C→D→D→A→A→B→B→C→C→E→E→D→D→A→A→B,1,451
A→A→B→B→C→C→D→D→E→E→A→A→B→B→F→F→C→C→G→G→D,1,452
A→A→B→B→C→C→D→D→E→E→F→F→G→G→B→B→A→A→D→D→H,1,453
A→A→B→B→C→C→D→D→E→E→F→F→G→G→E→E→F→F→G→G,1,455
A→A→B→B→C→C→D→D→E→E→F→F→A→A→B→B→G→G→D→D→C,1,456
A→A→B→B→C→C→D→D→E→E→F→F→A→A→C→C→D→D→G→G→E,1,457
A→A→B→B→C→C→A→A→D→D→E→E→F→F→G→G→C→C→A→A→D,1,458
A→A→B→B→C→C→D→D→E→E→F→F→B→B→A→A→C→C→B→B→D,1,460
A→A→B→B→C→C→D→D→A→A→E→E→F→F→C→C→A→A→D→D→B,1,462
A→A→B→B→C→C→D→D→E→E→A→A→F→F→B→B→C→C→D→D→G,1,466
A→A→B→B→C→C→D→D→E→E→F→F→C→C→G→G→H→H→A→A→F,1,468
A→A→B→B→C→C→D→D→E→E→F→F→A→A→B→B→G→G→E→E→F,1,469
A→A→B→B→C→C→D→D→E→E→A→A→F→F→D→D→C→C→B→B→A,1,476
A→A→B→B→C→C→D→D→E→E→F→F→C→C→B→B→A→A→G→G→D,1,478
A→A→B→B→C→C→D→D→E→E→F→F→G→G→C→C→A→A→D→D→H,1,481
A→A→B→B→C→C→D→D→E→E→F→F→C→C→D→D→E→E→D→D→G,1,482
A→A→B→B→C→C→D→D→A→A→E→E→F→F→B→B→D→D→A→A→C,1,485
A→A→B→B→C→C→D→D→E→E→A→A→F→F→G→G→H→H→D→D→C,1,486
A→A→B→B→C→C→D→D→E→E→F→F→A→A→G→G→H→H→F→F,1,487
A→A→B→B→C→C→D→D→E→E→B→B→F→F→C→C→A→A→D→D→B,1,488
A→A→B→B→C→C→D→D→E→E→F→F→D→D→E→E→G→G→D→D→E,1,489
A→A→B→B→C→C→D→D→E→E→A→A→B→B→D→D→E→E→C→C→F,1,491
A→A→B→B→C→C→D→D→A→A→E→E→F→F→G→G→H→H→C→C→A,1,494
A→A→B→B→C→C→D→D→E→E→B→B→A→A→C→C→D→D→B→B→F,1,497
A→A→B→B→C→C→D→D→E→E→F→F→A→A→C→C→G→G→H→H,1,499
A→A→B→B→C→C→A→A→D→D→B→B→C→C→A→A→E→E→D→D→C,1,506
A→A→B→B→C→C→D→D→E→E→F→F→B→B→D→D→E→E,1,509
A→A→B→B→C→C→D→D→E→E→B→B→C→C→A→A→F→F→B→B→C,1,511
A→A→B→B→C→C→D→D→E→E→F→F→G→G→A→A→B→B→C→C→B,1,513
A→A→B→B→C→C→D→D→A→A→E→E→F→F→C→C→A→A→B→B,1,515
A→A→B→B→C→C→D→D→E→E→F→F→G→G→E→E→D→D→B→B→C,1,517
A→A→B→B→C→C→D→D→E→E→F→F→C→C→G→G→H→H→D→D→A,1,518
A→A→B→B→C→C→D→D→E→E→F→F→G→G→D→D→C→C→A→A→B,1,523
A→A→B→B→C→C→D→D→E→E→F→F→B→B→D→D→E→E→F→F→B,1,524
A→A→B→B→C→C→D→D→B→B→E→E→F→F→G→G→B→B→C→C→A,1,525
A→A→B→B→C→C→D→D→E→E→F→F→C→C→D→D→B→B→A→A→G,1,527
A→A→B→B→C→C→D→D→E→E→F→F→G→G→H→H→D→D→A→A→B,1,529
A→A→B→B→C→C→D→D→E→E→B→B→A→A→C→C→F→F→G→G→C,1,530
A→A→B→B→C→C→D→D→A→A→E→E→B→B→F→F→C→C→A→A→B,1,532
A→A→B→B→C→C→D→D→E→E→F→F→B→B→C→C→D→D→G→G,1,533
A→A→B→B→C→C→D→D→E→E→F→F→G→G→H→H→C→C→D→D→C,1,538
A→A→B→B→C→C→D→D→E→E→F→F→A→A→G→G→B→B→E→E→A,1,539
A→A→B→B→C→C→D→D→E→E→F→F→C→C→B→B→G→G→A→A→F,1,541
A→A→B→B→C→C→D→D→E→E→F→F→B→B→A→A→G→G→B→B→A,1,542
A→A→B→B→C→C→D→D→E→E→F→F→A→A→B→B→D→D→G→G→E,1,546
A→A→B→B→C→C→D→D→E→E→A→A→F→F→B→B→C→C→A→A→E,1,550
A→A→B→B→C→C→D→D→E→E→F→F→G→G→D→D→C→C→A→A→E,1,552
A→A→B→B→C→C→D→D→E→E→B→B→F→F→C→C→A→A→B→B→D,1,553
A→A→B→B→C→C→D→D→E→E→F→F→C→C→G→G→B→B→D→D→C,1,555
A→A→B→B→C→C→D→D→E→E→A→A→B→B→F→F→C→C→A→A→B,1,556
A→A→B→B→C→C→D→D→E→E→F→F→G→G→D→D→H→H→A→A→E,1,559
A→A→B→B→C→C→D→D→A→A→E→E→D→D→C→C→F→F→A→A→D,1,562
A→A→B→B→C→C→D→D→E→E→F→F→B→B→C→C→G→G→A→A→B,1,563
A→A→B→B→C→C→D→D→A→A→E→E→B→B→C→C→A→A→D→D→E,1,565
A→A→B→B→C→C→D→D→E→E→F→F→G→G→A→A→F→F→E→E→B,1,567
A→A→B→B→C→C→D→D→E→E→F→F→B→B→A→A→C→C→G→G→H,1,572
A→A→B→B→C→C→D→D→E→E→F→F→G→G→B→B→A→A→E→E→H,1,574
A→A→B→B→C→C→D→D→A→A→B→B→E→E→C→C→F→F→G→G→A,1,578
A→A→B→B→C→C→D→D→E→E→F→F→B→B→A→A→C→C→D→D→B,1,579
A→A→B→B→C→C→A→A→D→D→E→E→F→F→G→G→B→B→C→C→A,1,580
A→A→B→B→C→C→D→D→E→E→F→F→B→B→G→G→C→C→B→B→A,1,581
A→A→B→B→C→C→D→D→E→E→A→A→C→C→D→D→F→F→G→G→E,1,582
A→A→B→B→C→C→D→D→E→E→F→F→G→G→A→A→H→H→C→C→D,1,584
A→A→B→B→C→C→D→D→E→E→F→F→A→A→D→D→B→B→C→C→G,1,586
A→A→B→B→C→C→D→D→B→B→A→A→C→C→D→D→B→B→E→E→F,1,588
A→A→B→B→C→C→D→D→E→E→F→F→G→G→A→A→B→B→D→D→E,1,590
A→A→B→B→C→C→D→D→E→E→F→F→G→G→A→A→C→C→B→B→A,1,593
A→A→B→B→C→C→D→D→E→E→F→F→B→B→A→A→D→D→E→E→C,1,594
A→A→B→B→C→C→A→A→B→B→D→D→C→C→A→A→B→B→E→E→C,1,597
A→A→B→B→C→C→D→D→E→E→F→F→G→G→A→A→F→F→D→D→E,1,598
A→A→B→B→C→C→D→D→A→A→B→B→C→C→E→E→F→F→D→D→A,1,599
A→A→B→B→C→C→D→D→E→E→F→F→G→G→D→D→E→E→F→F→G,1,601
A→A→B→B→C→C→D→D→A→A→B→B→E→E→C→C→D→D→A→A→B,1,602
A→A→B→B→C→C→D→D→E→E→F→F→A→A→G→G→H→H→E→E→D,1,604
A→A→B→B→C→C→D→D→E→E→C→C→F→F→A→A→B→B→C→C→E,1,605
A→A→B→B→C→C→D→D→B→B→E→E→F→F→D→D→C→C→B→B→A,1,606
A→A→B→B→C→C→D→D→E→E→C→C→A→A→D→D→C→C→E→E→F,1,608
A→A→B→B→C→C→D→D→E→E→F→F→B→B→C→C→D→D→E→E→F,1,610
A→A→B→B→C→C→D→D→E→E→F→F→A→A→B→B→F→F→A→A→B,1,611
A→A→B→B→C→C→D→D→E→E→A→A→B→B→C→C→D→D→E→E→B,1,612
A→A→B→B→C→C→A→A→B→B→C→C→D→D→E→E→F→F→A→A→B,1,613
A→A→B→B→C→C→D→D→E→E→F→F→A→A→G→G→C→C→B→B→H,1,616
A→A→B→B→C→C→D→D→E→E→F→F→G→G→C→C→H→H→B→B→A,1,619
A→A→B→B→C→C→D→D→E→E→F→F→G→G→H→H→E→E→B→B→A,1,620
A→A→B→B→C→C→D→D→E→E→F→F→G→G→B→B→H→H→D→D,1,623
A→A→B→B→C→C→D→D→A→A→E→E→B→B→C→C→F→F→A→A→D,1,625
A→A→B→B→C→C→D→D→E→E→F→F→G→G→H→H→D→D→C→C,1,628
A→A→B→B→C→C→D→D→B→B→E→E→F→F→C→C→B→B→D→D→G,1,629
A→A→B→B→C→C→D→D→A→A→E→E→B→B→F→F→C→C→G→G→B,1,630
A→A→B→B→C→C→D→D→E→E→A→A→B→B→E→E→D→D→C→C,1,631
A→A→B→B→C→C→D→D→E→E→F→F→B→B→G→G→E→E→F→F→D,1,633
A→A→B→B→C→C→D→D→E→E→A→A→C→C→B→B→D→D→E→E→A,1,638
A→A→B→B→C→C→D→D→E→E→A→A→F→F→G→G→H→H→C→C→A,1,639
A→A→B→B→C→C→D→D→E→E→F→F→B→B→A→A→D→D→C→C→G,1,640
A→A→B→B→C→C→A→A→D→D→E→E→B→B→C→C→F→F→A→A→C,1,642
A→A→B→B→C→C→D→D→E→E→B→B→C→C→D→D→B→B→A→A→F,1,644
A→A→B→B→C→C→D→D→E→E→B→B→A→A→C→C→F→F→D→D→B,1,646
A→A→B→B→C→C→D→D→E→E→F→F→G→G→D→D→A→A→C→C→E,1,647
A→A→B→B→C→C→D→D→E→E→F→F→A→A→G→G→C→C→D→D→H,1,648
A→A→B→B→C→C→D→D→E→E→F→F→A→A→G→G→D→D→C→C→E,1,652
A→A→B→B→C→C→D→D→E→E→A→A→B→B→F→F→G→G→D→D→E,1,655
A→A→B→B→C→C→D→D→E→E→F→F→G→G→H→H→C→C→B→B→D,1,658
A→A→B→B→C→C→D→D→E→E→F→F→B→B→A→A→G→G→E→E→D,1,660
A→A→B→B→C→C→D→D→E→E→F→F→A→A→B→B→D→D→F→F→G,1,662
A→A→B→B→C→C→D→D→A→A→E→E→B→B→D→D→C→C→A→A→B,1,663
A→A→B→B→C→C→D→D→A→A→E→E→F→F→G→G→B→B→A→A,1,666
A→A→B→B→C→C→D→D→E→E→B→B→C→C→F→F→G→G→B→B→C,1,667
A→A→B→B→C→C→D→D→E→E→F→F→G→G→C→C→B→B→A→A→H,1,668
A→A→B→B→C→C→D→D→E→E→A→A→C→C→D→D→B→B→F→F→A,1,669
A→A→B→B→C→C→D→D→E→E→A→A→B→B→F→F→G→G→H→H→A,1,670
A→A→B→B→C→C→D→D→E→E→F→F→G→G→E→E→F→F→A→A→C,1,671
A→A→B→B→C→C→D→D→E→E→F→F→G→G→E→E→F→F→G→G→E,1,673
A→A→B→B→C→C→A→A→D→D→E→E→F→F→A→A→B→B→C→C→A,1,676
A→A→B→B→C→C→D→D→A→A→E→E→F→F→G→G→H→H→A→A→B,1,678
A→A→B→B→C→C→D→D→E→E→F→F→G→G→H→H→C→C→A→A→D,1,681
A→A→B→B→C→C→D→D→E→E→F→F→A→A→D→D→E→E→C→C→F,1,683
A→A→B→B→C→C→D→D→E→E→A→A→B→B→F→F→E→E→A→A,1,685
A→A→B→B→C→C→D→D→E→E→F→F→G→G→H→H→F→F→B→B→A,1,688
A→A→B→B→C→C→D→D→E→E→F→F→A→A→D→D→B→B→C→C→E,1,689
A→A→B→B→C→C→D→D→E→E→A→A→B→B→C→C→D→D→F→F→C,1,690
A→A→B→B→C→C→D→D→E→E→F→F→A→A→G→G→F→F→A→A→D,1,692
A→A→B→B→C→C→D→D→E→E→B→B→D→D→E→E→C→C→B→B→F,1,694
A→A→B→B→C→C→D→D→E→E→A→A→B→B→C→C→F→F→E→E→G,1,698
A→A→B→B→C→C→D→D→E→E→F→F→B→B→A→A→G→G→C→C→H,1,699
A→A→B→B→C→C→D→D→E→E→A→A→F→F→G→G→D→D→B→B→C,1,700
A→A→B→B→C→C→A→A→D→D→E→E→F→F→G→G→A→A→C→C→B,1,706
A→A→B→B→C→C→D→D→E→E→F→F→A→A→G→G→D→D→E→E→B,1,708
A→A→B→B→C→C→D→D→A→A→E→E→F→F→C→C→B→B→G→G→D,1,711
A→A→B→B→C→C→D→D→E→E→F→F→B→B→G→G→A→A→H→H→E,1,714
A→A→B→B→C→C→D→D→A→A→E→E→F→F→B→B→A→A→C→C→D,1,715
A→A→B→B→C→C→D→D→E→E→F→F→A→A→C→C→E→E→D→D→F,1,716
A→A→B→B→C→C→D→D→E→E→F→F→D→D→E→E→A→A→B→B→C,1,718
A→A→B→B→C→C→D→D→E→E→F→F→G→G→A→A→B→B→D→D,1,727
A→A→B→B→C→C→D→D→E→E→A→A→F→F→G→G→B→B→C→C→D,1,729
A→A→B→B→C→C→D→D→A→A→B→B→E→E→F→F→G→G→A→A→B,1,730
A→A→B→B→C→C→A→A→D→D→E→E→B→B→F→F→A→A→C→C→B,1,731
A→A→B→B→C→C→D→D→A→A→B→B→E→E→A→A→B→B→F→F,1,732
A→A→B→B→C→C→D→D→E→E→F→F→G→G→A→A→D→D→B→B→E,1,733
A→A→B→B→C→C→D→D→A→A→B→B→C→C→E→E→B→B→A→A→C,1,734
A→A→B→B→C→C→D→D→E→E→F→F→G→G→C→C→B→B→H→H→E,1,735
A→A→B→B→C→C→D→D→E→E→F→F→G→G→D→D→E→E→A→A→H,1,737
A→A→B→B→C→C→A→A→D→D→E→E→F→F→G→G→C→C→A→A,1,738
A→A→B→B→C→C→D→D→E→E→A→A→F→F→G→G→D→D→A→A→C,1,739
A→A→B→B→C→C→D→D→E→E→A→A→F→F→B→B→G→G→D→D→C,1,740
A→A→B→B→C→C→D→D→E→E→F→F→G→G→D→D→E→E→A→A→B,1,741
A→A→B→B→C→C→D→D→E→E→A→A→F→F→B→B→G→G→C→C→F,1,745
A→A→B→B→C→C→D→D→E→E→F→F→C→C→B→B→A→A→D→D→G,1,746
A→A→B→B→C→C→D→D→E→E→F→F→B→B→C→C→D→D→A→A→B,1,747
A→A→B→B→C→C→D→D→A→A→E→E→B→B→A→A→F→F→C→C→E,1,748
A→A→B→B→C→C→D→D→E→E→F→F→B→B→C→C→E→E→D→D→B,1,750
A→A→B→B→C→C→D→D→E→E→F→F→A→A→B→B→C→C→F→F→A,1,753
A→A→B→B→C→C→D→D→E→E→F→F→B→B→G→G→D→D→E→E→F,1,757
A→A→B→B→C→C→D→D→A→A→B→B→C→C→E→E→F→F→A→A→B,1,758
A→A→B→B→C→C→D→D→E→E→F→F→G→G→B→B→A→A→H→H,1,760
A→A→B→B→C→C→D→D→E→E→F→F→A→A→G→G→H→H→F→F→B,1,763
A→A→B→B→C→C→D→D→E→E→F→F→G→G→D→D→C→C→B→B→E,1,764
A→A→B→B→C→C→D→D→E→E→F→F→G→G→A→A→B→B→H→H→A,1,765
A→A→B→B→C→C→D→D→E→E→F→F→C→C→B→B→A→A→C→C,1,766
A→A→B→B→C→C→D→D→E→E→F→F→C→C→D→D→B→B→A→A→E,1,770
A→A→B→B→C→C→D→D→E→E→F→F→G→G→A→A→C→C→B→B→E,1,774
A→A→B→B→C→C→D→D→E→E→B→B→C→C→F→F→D→D→E→E→A,1,779
A→A→B→B→C→C→D→D→A→A→B→B→E→E→D→D→F→F→A→A→B,1,780
A→A→B→B→C→C→D→D→E→E→A→A→F→F→G→G→H→H→A→A→D,1,781
A→A→B→B→C→C→D→D→E→E→F→F→G→G→H→H→A→A→B→B→G,1,782
A→A→B→B→C→C→D→D→E→E→F→F→B→B→A→A→C→C→D→D→E,1,784
A→A→B→B→C→C→D→D→E→E→F→F→G→G→B→B→A→A→E→E→D,1,785
A→A→B→B→C→C→D→D→E→E→F→F→G→G→C→C→E→E→D→D→F,1,786
A→A→B→B→C→C→D→D→E→E→B→B→C→C→D→D→F→F→E→E→B,1,789
A→A→B→B→C→C→D→D→E→E→B→B→F→F→G→G→H→H→B→B→F,1,794
A→A→B→B→C→C→D→D→E→E→A→A→B→B→C→C→F→F→D→D→G,1,797
A→A→B→B→C→C→D→D→E→E→B→B→D→D→C→C→F→F→B→B→C,1,798
A→A→B→B→C→C→D→D→E→E→F→F→G→G→C→C→B→B→E→E→A,1,799
A→A→B→B→C→C→D→D→E→E→A→A→C→C→B→B→D→D→E→E→C,1,801
A→A→B→B→C→C→D→D→E→E→A→A→F→F→C→C→B→B→A→A→G,1,804
A→A→B→B→C→C→D→D→E→E→F→F→C→C→G→G→A→A→H→H→B,1,808
A→A→B→B→C→C→D→D→E→E→F→F→B→B→C→C→E→E→D→D→A,1,810
A→A→B→B→C→C→D→D→E→E→F→F→G→G→H→H→D→D→B→B→A,1,811
A→A→B→B→C→C→D→D→E→E→F→F→G→G→C→C→D→D→E→E→G,1,813
A→A→B→B→C→C→D→D→E→E→F→F→G→G→C→C→B→B→E→E→D,1,814
A→A→B→B→C→C→D→D→E→E→F→F→A→A→C→C→D→D→B→B→C,1,815
A→A→B→B→C→C→D→D→E→E→F→F→B→B→C→C→D→D→G→G→E,1,818
A→A→B→B→C→C→D→D→A→A→B→B→E→E→D→D→A→A→B→B→C,1,820
A→A→B→B→C→C→D→D→E→E→F→F→B→B→C→C→D→D→A→A→G,1,822
A→A→B→B→C→C→D→D→B→B→A→A→E→E→F→F→G→G→A→A→E,1,825
A→A→B→B→C→C→D→D→B→B→E→E→F→F→A→A→C→C→B→B→D,1,828
A→A→B→B→C→C→D→D→E→E→F→F→C→C→B→B→A→A→E→E→C,1,830
A→A→B→B→C→C→D→D→A→A→B→B→E→E→A→A→B→B→C→C→D,1,831
A→A→B→B→C→C→D→D→E→E→F→F→G→G→B→B→D→D→C→C,1,834
A→A→B→B→C→C→D→D→B→B→E→E→F→F→A→A→G→G→C→C→E,1,836
A→A→B→B→C→C→D→D→E→E→F→F→C→C→B→B→D→D→G→G→A,1,837
A→A→B→B→C→C→D→D→E→E→F→F→G→G→C→C→D→D→B→B→E,1,838
A→A→B→B→C→C→A→A→D→D→E→E→F→F→C→C→G→G→B→B,1,839
A→A→B→B→C→C→A→A→D→D→E→E→F→F→G→G→B→B→A→A→D,1,841
A→A→B→B→C→C→D→D→E→E→F→F→G→G→B→B→E→E→C→C,1,845
A→A→B→B→C→C→D→D→E→E→F→F→G→G→A→A→C→C→H→H→B,1,849
A→A→B→B→C→C→D→D→E→E→F→F→G→G→H→H→B→B→C→C→E,1,850
A→A→B→B→C→C→D→D→A→A→B→B→E→E→F→F→C→C→D→D→A,1,853
A→A→B→B→C→C→D→D→E→E→B→B→C→C→F→F→G→G→H→H,1,854
A→A→B→B→C→C→D→D→E→E→F→F→A→A→G→G→B→B→H→H,1,857
A→A→B→B→C→C→D→D→E→E→F→F→A→A→B→B→C→C→D→D→F,1,858
A→A→B→B→C→C→D→D→E→E→F→F→A→A→G→G→H→H→F→F→A,1,862
A→A→B→B→C→C→D→D→E→E→F→F→C→C→D→D→G→G→C→C→D,1,863
A→A→B→B→C→C→D→D→B→B→A→A→E→E→F→F→C→C→D→D→B,1,867
A→A→B→B→C→C→D→D→E→E→F→F→B→B→C→C→A→A→E→E,1,869
A→A→B→B→C→C→D→D→E→E→F→F→B→B→C→C→D→D→B→B→C,1,870
A→A→B→B→C→C→D→D→A→A→B→B→C→C→B→B→D→D→A→A→B,1,871
A→A→B→B→C→C→D→D→E→E→F→F→G→G→C→C→D→D→A→A→C,1,872
A→A→B→B→C→C→A→A→B→B→D→D→C→C→E→E→F→F→A→A→B,1,876
A→A→B→B→C→C→D→D→E→E→A→A→F→F→G→G→B→B→H→H→F,1,881
A→A→B→B→C→C→D→D→E→E→F→F→A→A→C→C→D→D→E→E,1,882
A→A→B→B→C→C→D→D→E→E→F→F→G→G→A→A→F→F→C→C→G,1,885
A→A→B→B→C→C→A→A→D→D→E→E→C→C→F→F→A→A→B→B→D,1,887
A→A→B→B→C→C→D→D→E→E→F→F→A→A→G→G→B→B→A→A→E,1,890
A→A→B→B→C→C→D→D→E→E→F→F→G→G→H→H→A→A→E→E→F,1,893
A→A→B→B→C→C→D→D→A→A→E→E→F→F→C→C→D→D→B→B→A,1,894
A→A→B→B→C→C→D→D→E→E→A→A→B→B→F→F→C→C→E→E→A,1,895
A→A→B→B→C→C→D→D→E→E→F→F→A→A→G→G→H→H→D→D→A,1,896
A→A→B→B→C→C→D→D→A→A→E→E→C→C→D→D→A→A→B→B→F,1,898
A→A→B→B→C→C→D→D→E→E→B→B→A→A→C→C→B→B→D→D→E,1,899
A→A→B→B→C→C→D→D→A→A→B→B→C→C→D→D→E→E→B→B→A,1,900
A→A→B→B→C→C→D→D→E→E→F→F→B→B→D→D→A→A→E→E→D,1,902
A→A→B→B→C→C→D→D→E→E→F→F→G→G→D→D→H→H→B→B→G,1,904
A→A→B→B→C→C→D→D→B→B→A→A→E→E→F→F→C→C→B→B→D,1,905
A→A→B→B→C→C→D→D→E→E→F→F→G→G→A→A→D→D→C→C→E,1,906
A→A→B→B→C→C→D→D→A→A→B→B→E→E→F→F→A→A→D→D→C,1,907
A→A→B→B→C→C→D→D→E→E→F→F→C→C→B→B→D→D→E→E,1,910
A→A→B→B→C→C→D→D→E→E→F→F→B→B→G→G→A→A→H→H→B,1,913
A→A→B→B→C→C→D→D→E→E→F→F→A→A→G→G→B→B→D→D→C,1,914
A→A→B→B→C→C→A→A→D→D→E→E→B→B→A→A→C→C→F→F→A,1,915
A→A→B→B→C→C→D→D→A→A→E→E→B→B→A→A→C→C→D→D→E,1,919
A→A→B→B→C→C→D→D→E→E→B→B→D→D→C→C→A→A→F→F→B,1,920
A→A→B→B→C→C→D→D→A→A→B→B→C→C→E→E→A→A→F→F→B,1,921
A→A→B→B→C→C→D→D→E→E→F→F→A→A→G→G→B→B→E→E→F,1,922
A→A→B→B→C→C→D→D→E→E→F→F→G→G→H→H→C→C→B→B→E,1,924
A→A→B→B→C→C→D→D→E→E→F→F→A→A→B→B→G→G→E→E,1,925
A→A→B→B→C→C→D→D→E→E→F→F→C→C→E→E→D→D→G→G→C,1,929
A→A→B→B→C→C→D→D→A→A→E→E→C→C→F→F→G→G→H→H→D,1,930
A→A→B→B→C→C→D→D→E→E→F→F→A→A→B→B→G→G→E→E→C,1,931
A→A→B→B→C→C→D→D→A→A→B→B→E→E→F→F→D→D→A→A→B,1,935
A→A→B→B→C→C→D→D→A→A→E→E→F→F→B→B→C→C→A→A→E,1,936
A→A→B→B→C→C→D→D→E→E→F→F→A→A→C→C→B→B→D→D→F,1,937
A→A→B→B→C→C→D→D→E→E→A→A→F→F→C→C→D→D→B→B→G,1,941
A→A→B→B→C→C→D→D→A→A→E→E→F→F→D→D→C→C→B→B→G,1,942
A→A→B→B→C→C→D→D→E→E→A→A→F→F→B→B→C→C→G→G→H,1,943
A→A→B→B→C→C→D→D→E→E→A→A→F→F→B→B→E→E→A→A→F,1,945
A→A→B→B→C→C→D→D→E→E→F→F→A→A→B→B→G→G→C→C→D,1,949
A→A→B→B→C→C→D→D→E→E→F→F→A→A→D→D→E→E→G→G→H,1,951
A→A→B→B→C→C→A→A→D→D→B→B→E→E→F→F→A→A→B→B→D,1,953
A→A→B→B→C→C→D→D→E→E→F→F→A→A→G→G→D→D→H→H,1,959
A→A→B→B→C→C→D→D→E→E→B→B→F→F→G→G→A→A→C→C→B,1,960
A→A→B→B→C→C→D→D→E→E→F→F→G→G→H→H→D→D→E→E→G,1,962
A→A→B→B→C→C→D→D→E→E→F→F→G→G→H→H→D→D→B→B→C,1,968
A→A→B→B→C→C→D→D→E→E→F→F→A→A→B→B→D→D→E→E→F,1,969
A→A→B→B→C→C→D→D→E→E→F→F→A→A→B→B→C→C→A→A→B,1,970
A→A→B→B→C→C→D→D→E→E→A→A→F→F→C→C→D→D→G→G→A,1,973
A→A→B→B→C→C→D→D→E→E→B→B→C→C→D→D→E→E→F→F→B,1,974
A→A→B→B→C→C→D→D→A→A→B→B→E→E→C→C→F→F→G→G→H,1,975
A→A→B→B→C→C→D→D→E→E→F→F→B→B→G→G→C→C→A→A→D,1,976
A→A→B→B→C→C→D→D→E→E→A→A→F→F→B→B→G→G→H→H→A,1,977
A→A→B→B→C→C→D→D→E→E→A→A→F→F→G→G→D→D→C→C,1,978
A→A→B→B→C→C→D→D→E→E→F→F→G→G→H→H→A→A→E→E→D,1,979
A→A→B→B→C→C→D→D→E→E→B→B→A→A→F→F→D→D→E→E→B,1,983
A→A→B→B→C→C→D→D→A→A→E→E→B→B→F→F→G→G→H→H→D,1,984
A→A→B→B→C→C→D→D→E→E→F→F→G→G→B→B→D→D→C→C→B,1,988
A→A→B→B→C→C→D→D→E→E→A→A→F→F→B→B→A→A→D→D→E,1,989
A→A→B→B→C→C→D→D→E→E→F→F→G→G→C→C→D→D→B→B→A,1,991
A→A→B→B→C→C→D→D→A→A→E→E→F→F→G→G→D→D→A→A→E,1,992
A→A→B→B→C→C→D→D→E→E→F→F→A→A→B→B→G→G→F→F→E,1,994
A→A→B→B→C→C→D→D→E→E→A→A→B→B→F→F→G→G→A→A,1,995
A→A→B→B→C→C→D→D→E→E→F→F→G→G→A→A→F→F→E→E→D,1,996
A→A→B→B→C→C→D→D→E→E→F→F→B→B→A→A→C→C→G→G→B,1,997
A→A→B→B→C→C→A→A→D→D→E→E→F→F→B→B→G→G→C→C→A,1,999
